Last login: Mon Jan 16 22:31:41 on ttys000

The default interactive shell is now zsh.
To update your account to use zsh, please run `chsh -s /bin/zsh`.
For more details, please visit https://support.apple.com/kb/HT208050.
/Library/PostgreSQL/15/scripts/runpsql.sh; exit
L-VYKJY6J12D:~ marutikameshwar$ /Library/PostgreSQL/15/scripts/runpsql.sh; exit
Server [localhost]: 
Database [postgres]: 
Port [5432]: 
Username [postgres]: 



Password for user postgres: 
psql (15.1)
Type "help" for help.

postgres=# \c dphone_corporation;
You are now connected to database "dphone_corporation" as user "postgres".
dphone_corporation=# \d;
invalid command \d;
Try \? for help.
dphone_corporation=# \d
         List of relations
 Schema | Name  | Type  |  Owner   
--------+-------+-------+----------
 public | users | table | postgres
(1 row)

dphone_corporation=# create table referral(referralid int not null unique,referral_first_name text not null,referral_last_name text not null,mobile text not null, email text not null,userid int not null, date_of_referral date not null, referral_points int, status text)
dphone_corporation-# ;
CREATE TABLE
dphone_corporation=# create table customer(customerid int primary key not null, first_name text not null, last_name text not null,email text not null,mobile text not null);
CREATE TABLE
dphone_corporation=# create table buyingdetails(customerid int not null,userid int not null, purchase_date date,product_name text not null);
CREATE TABLE
dphone_corporation=# \d;
invalid command \d;
Try \? for help.
dphone_corporation=# \d
             List of relations
 Schema |     Name      | Type  |  Owner   
--------+---------------+-------+----------
 public | buyingdetails | table | postgres
 public | customer      | table | postgres
 public | referral      | table | postgres
 public | users         | table | postgres
(4 rows)

dphone_corporation=# alter table referral foreign key(userid) references users(userid);
ERROR:  syntax error at or near "foreign"
LINE 1: alter table referral foreign key(userid) references users(us...
                             ^
dphone_corporation=# alter table referral constraint user_id foreign key(userid) references users(userid);
ERROR:  syntax error at or near "constraint"
LINE 1: alter table referral constraint user_id foreign key(userid) ...
                             ^
dphone_corporation=# alter table referral add foreign key(userid) references users(userid);
ALTER TABLE
dphone_corporation=# alter table buyingdetails add foreign key(customerid) references(customerid);
ERROR:  syntax error at or near "("
LINE 1: ...yingdetails add foreign key(customerid) references(customeri...
                                                             ^
dphone_corporation=# alter table buyingdetails add foreign key(customerid) references customer(customerid);
ALTER TABLE
dphone_corporation=# alter table buyingdetails add foreign key(userid) references users(userid);
ALTER TABLE
dphone_corporation=# insert into user(1,'maruti','kameshwar','mumbai','8186837509','marutikameshwar@gmail.com','marutikameshwar','maruti123'),(2,'rohit','vinta','vijaywada','9898765642','vintarohit@gmail.com','vinatrohit','rohit123'),(3,'jaideep','dutta','pune','9087956738','jaideepdutta@gmail.com','jaideepdutta','jaideep123'),(4,'koushiq','appani','vellore','7895342978','appanikoushiq@gmail.com','appanikoushiq','koushiq123'),(5,'krishna','dheeraj','hydrabad','9836748562','krishnadheeraj@gmail.com','krishnadheeraj','krishna123');
ERROR:  syntax error at or near "user"
LINE 1: insert into user(1,'maruti','kameshwar','mumbai','8186837509...
                    ^
dphone_corporation=# insert into user values (1,'maruti','kameshwar','mumbai','8186837509','marutikameshwar@gmail.com','marutikameshwar','maruti123'),(2,'rohit','vinta','vijaywada','9898765642','vintarohit@gmail.com','vinatrohit','rohit123'),(3,'jaideep','dutta','pune','9087956738','jaideepdutta
','appa                                                   ','appa
drabad','9836748562','krishnadheeraj@gmail.com','krishnadheer
ERROR:  syntax error at or near "user"
LINE 1: insert into user values (1,'maruti','kameshwar','mumbai','81...
                    ^
dphone_corporation=# insert into user(userid,first_name,last_name,address,mobile,email,username,password) values (1,'maruti','kameshwar','mumbai','8186837509','marutikameshwar@gmail.com','marutikameshwar','maruti123'),(2,'rohit','vinta','vijaywada','9898765642','vintarohit@gmail.com','vinatrohit','rohit123'),(3,'jaideep                           8','jaideep
4,'koushiq','appa                                         @gmail.com','appa                                         eer
'krishnadheer
ERROR:  syntax error at or near "user"
LINE 1: insert into user(userid,first_name,last_name,address,mobile,...
                    ^
dphone_corporation=# insert into users(userid,first_name,last_name,address,mobile,email,username,password) values (1,'maruti','kameshwar','mumbai','8186837509','marutikameshwar@gmail.com','marutikameshwar','maruti123'),(2,'rohit','vinta','vijaywada','9898765642','vintarohit@gmail.com','vinatrohit','rohit123'),(3,'jaideep','dutta','pune','9087956738','jaideepdutta@gmail.com','jaideepdutta','jaideep123'),(4,'koushiq','appani','vellore','7895342978','appanikoushiq@gmail.com','appanikoushiq','koushiq123'),(5,'krishna','dheeraj','hydrabad','9836748562','krishnadheeraj@gmail.com','krishnadheeraj','krishna123');
ERROR:  column "email" of relation "users" does not exist
LINE 1: ... users(userid,first_name,last_name,address,mobile,email,user...
                                                             ^
dphone_corporation=# alter table users add email text not null;
ALTER TABLE
dphone_corporation=# insert into users(userid,first_name,last_name,address,mobile,email,username,password) values (1,'maruti','kameshwar','mumbai','8186837509','marutikameshwar@gmail.com','marutikameshwar','maruti123'),(2,'rohit','vinta','vijaywada','9898765642','vintarohit@gmail.com','vinatrohit','rohit123'),(3,'jaideep','dutta','pune','9087956738','jaideepdutta@gmail.com','jaideepdutta','jaideep123'),(4,'koushiq','appani','vellore','7895342978','appanikoushiq@gmail.com','appanikoushiq','koushiq123'),(5,'krishna','dheeraj','hydrabad','9836748562','krishnadheeraj@gmail.com','krishnadheeraj','krishna123');
INSERT 0 5
dphone_corporation=# insert into referral(101,'subrajit','das','9876789067','subrajit@gmail.com',1,'14-01-20020',1000,'accepted');
ERROR:  syntax error at or near "101"
LINE 1: insert into referral(101,'subrajit','das','9876789067','subr...
                             ^
dphone_corporation=# insert into referral value(101,'subrajit','das','9876789067','subrajit@gmail.com',1,'14-01-20020',1000,
ERROR:  syntax error at or near "value"
LINE 1: insert into referral value(101,'subrajit','das','9876789067'...
                             ^
dphone_corporation=# insert into referral values(101,'subrajit','das','9876789067','subrajit@gmail.com',1,'14-01-20020',1000,'accepted');
ERROR:  date/time field value out of range: "14-01-20020"
LINE 1: ...brajit','das','9876789067','subrajit@gmail.com',1,'14-01-200...
                                                             ^
HINT:  Perhaps you need a different "datestyle" setting.
dphone_corporation=# insert into referral values(101,'subrajit','das','9876789067','subrajit@gmail.com',1,'14/01/20020',1000,'accepted');
ERROR:  date/time field value out of range: "14/01/20020"
LINE 1: ...brajit','das','9876789067','subrajit@gmail.com',1,'14/01/200...
                                                             ^
HINT:  Perhaps you need a different "datestyle" setting.
dphone_corporation=# insert into referral values(101,'subrajit','das','9876789067','subrajit@gmail.com',1,'2020/01/14',1000,'accepted');
INSERT 0 1
dphone_corporation=# delete from referral where referralid=101l;
ERROR:  trailing junk after numeric literal at or near "101l"
LINE 1: delete from referral where referralid=101l;
                                              ^
dphone_corporation=# delete from referral where referralid=101;
DELETE 1
dphone_corporation=# insert into referral values(101,'subrajit','das','9876789067','subrajit@gmail.com',1,'2020/01/14',1000,'accepted'),(102,'hariteja','narayana','9785603458','hariteja@gmail.com',2,'2020/05/2',0,'pending'),(103,'krish','mani','9876345687','krishmani@gmail.com',2,'2020/05/18',1000,'accepted'),(104,'virat','kohili','9876543098','kohili@gmail.com',5,'2021/08/22',0,'pending'),(105,'helios','harmony','9834512309','harmony@gmail.com',4,'2022/12/25',1000,'accepted');
INSERT 0 5
dphone_corporation=# insert into customer(1001,'subrajit','das','subrajit@gmail.com','9876789067'),(1002,'romeo','fererra','romeofererra@gmail.com','9454545568'),(1003,'hooland','kin','hoola@gmail.com','9876543201'),(1004,'krish','mani','krishmani@gmail.com','9876345687'),(1005,'helios','harmony','harmony@gmail.com','9834512309');
ERROR:  syntax error at or near "1001"
LINE 1: insert into customer(1001,'subrajit','das','subrajit@gmail.c...
                             ^
dphone_corporation=# insert into customer values(1001,'subrajit','das','subrajit@gmail.com','9876789067'),(1002,'romeo','fererra','romeofererra@gmail.com','9454545568'),(1003,'hool                                                    ish','mani','krishmani@gmail.com','9876345687'),(1005,'helios','harmony','harmony@gmail.com','9834512309');
INSERT 0 5
dphone_corporation=# delete userid from buyingdetails;
ERROR:  syntax error at or near "userid"
LINE 1: delete userid from buyingdetails;
               ^
dphone_corporation=# drop userid from buyingdetails;
ERROR:  syntax error at or near "userid"
LINE 1: drop userid from buyingdetails;
             ^
dphone_corporation=# alter table buyingdetails drop columnuserid;
ERROR:  column "columnuserid" of relation "buyingdetails" does not exist
dphone_corporation=# alter table buyingdetails drop column userid;
ALTER TABLE
dphone_corporation=# alter table add column userid;
ERROR:  syntax error at or near "column"
LINE 1: alter table add column userid;
                        ^
dphone_corporation=# alter table add userid;
ERROR:  syntax error at or near "userid"
LINE 1: alter table add userid;
                        ^
dphone_corporation=# alter table buyingdetails add userid;

ERROR:  syntax error at or near ";"
LINE 1: alter table buyingdetails add userid;
                                            ^
dphone_corporation=# alter table buyingdetails add column
userid ;
ERROR:  syntax error at or near ";"
LINE 1: alter table buyingdetails add column userid ;
                                                    ^
dphone_corporation=# alter table buyingdetails add column
userid 
dphone_corporation-# ;
ERROR:  syntax error at or near ";"
LINE 2: ;
        ^
dphone_corporation=# alter table buyingdetails add column
'userid'
dphone_corporation-# ;
ERROR:  syntax error at or near "'userid'"
LINE 1: alter table buyingdetails add column 'userid'
                                             ^
dphone_corporation=# alter table buyingdetails add column
'userid' int;
ERROR:  syntax error at or near "'userid'"
LINE 1: alter table buyingdetails add column 'userid' int;
                                             ^
dphone_corporation=# alter table buyingdetails add column
userid int;
ALTER TABLE
dphone_corporation=# /d customer customer;
ERROR:  syntax error at or near "/"
LINE 1: /d customer customer;
        ^
dphone_corporation=# select * from  customer;
 customerid | first_name | last_name |         email          |   mobile   
------------+------------+-----------+------------------------+------------
       1001 | subrajit   | das       | subrajit@gmail.com     | 9876789067
       1002 | romeo      | fererra   | romeofererra@gmail.com | 9454545568
       1003 | hooland    | kin       | hoola@gmail.com        | 9876543201
       1004 | krish      | mani      | krishmani@gmail.com    | 9876345687
       1005 | helios     | harmony   | harmony@gmail.com      | 9834512309
(5 rows)

dphone_corporation=# drop userid from buyingdetails;
ERROR:  syntax error at or near "userid"
LINE 1: drop userid from buyingdetails;
             ^
dphone_corporation=# alter table buyingdetails drop column userid;
ALTER TABLE
dphone_corporation=# alter table buyingdetails add column userid int;
ALTER TABLE
dphone_corporation=#  insert into buyingdetails values(1001,1,'2022/10/1','samasung s22'),(1002,,'2021/02/22','one plus 10'),(1003,,'2018/03/30','mi note 12'),(1004,1003,'2022/2/14','iphone 13'),(1005,105,'2023/1/13','realme narzo');
ERROR:  syntax error at or near ","
LINE 1: ...s values(1001,1,'2022/10/1','samasung s22'),(1002,,'2021/02/...
                                                             ^
dphone_corporation=#  insert into buyingdetails(customerid,userid,purchase_date,product_name) values(1001,1,'2022/
lus 10'),(1003                                        '2022/
 narzo');
ERROR:  syntax error at or near ","
LINE 1: ...) values(1001,1,'2022/10/1','samasung s22'),(1002,,'2021/02/...
                                                             ^
dphone_corporation=#  insert into buyingdetails(customerid,userid,purchase_date,product_name) values(1001,1,'2022/10/1','samasung s22'),(1002,null,'2021/02/22','o
ne plus 10'),(1003,null,'2018/03/30','mi note 12'),(1004
,'realme narzo');
INSERT 0 5
dphone_corporation=# select* from buyingdetails;
 customerid | purchase_date | product_name | userid 
------------+---------------+--------------+--------
       1001 | 2022-10-01    | samasung s22 |      1
       1002 | 2021-02-22    | one plus 10  |       
       1003 | 2018-03-30    | mi note 12   |       
       1004 | 2022-02-14    | iphone 13    |   1003
       1005 | 2023-01-13    | realme narzo |    105
(5 rows)

dphone_corporation=# select userid,count(userid) from referral groupby userid;
ERROR:  syntax error at or near "userid"
LINE 1: select userid,count(userid) from referral groupby userid;
                                                          ^
dphone_corporation=# select userid,count(userid) from referral group by userid;
 userid | count 
--------+-------
      5 |     1
      4 |     1
      2 |     2
      1 |     1
(4 rows)

dphone_corporation=# select * from referral;
 referralid | referral_first_name | referral_last_name |   mobile   |        email        | userid | date_of_referral | referral_points |  status  
------------+---------------------+--------------------+------------+---------------------+--------+------------------+-----------------+----------
        101 | subrajit            | das                | 9876789067 | subrajit@gmail.com  |      1 | 2020-01-14       |            1000 | accepted
        102 | hariteja            | narayana           | 9785603458 | hariteja@gmail.com  |      2 | 2020-05-02       |               0 | pending
        103 | krish               | mani               | 9876345687 | krishmani@gmail.com |      2 | 2020-05-18       |            1000 | accepted
        104 | virat               | kohili             | 9876543098 | kohili@gmail.com    |      5 | 2021-08-22       |               0 | pending
        105 | helios              | harmony            | 9834512309 | harmony@gmail.com   |      4 | 2022-12-25       |            1000 | accepted
(5 rows)

dphone_corporation=# select userid, sum(referral_points) from referral group by userid;
 userid | sum  
--------+------
      5 |    0
      4 | 1000
      2 | 1000
      1 | 1000
(4 rows)

dphone_corporation=# update buyingdetails set purchase_date='2022,09,21' where customterid=1003;
ERROR:  column "customterid" does not exist
LINE 1: ...uyingdetails set purchase_date='2022,09,21' where customteri...
                                                             ^
HINT:  Perhaps you meant to reference the column "buyingdetails.customerid".
dphone_corporation=# update buyingdetails set purchase_date='2022,09,21' where customerid=1003;
UPDATE 1
dphone_corporation=# update buyingdetails set purchase_date='2022/09/21' where customerid=1003;
UPDATE 1
dphone_corporation=# select first_name from customer wherecustomerid=(select customerid from buyingdetails where purchase_date='2022/09/21');
ERROR:  syntax error at or near "="
LINE 1: select first_name from customer wherecustomerid=(select cust...
                                                       ^
dphone_corporation=# select first_name from customer where customerid=(select customerid from buyingdetails where purchase_date='2022/09/21');
 first_name 
------------
 hooland
(1 row)

dphone_corporation=# select concat(first_name,last_name),mobile from customer where customerid=(select customerid fr
om buyingdetails where purchase_date='2022/09/21');
   concat   |   mobile   
------------+------------
 hoolandkin | 9876543201
(1 row)

dphone_corporation=# select concat(first_name, ,last_name),mobile from customer where customerid=(select customerid
from buyingdetails where purchase_date='2022/09/21');
ERROR:  syntax error at or near ","
LINE 1: select concat(first_name, ,last_name),mobile from customer w...
                                  ^
dphone_corporation=# selectfirst_name,last_name,mobile from customer where customerid=(select customerid from buyingdetails where purchase_date='2022/09/21');
ERROR:  syntax error at or near "selectfirst_name"
LINE 1: selectfirst_name,last_name,mobile from customer where custom...
        ^
dphone_corporation=# select first_name,last_name,mobile from customer where customerid=(select customerid from buyingdetails where purchase_date='2022/09/21');
 first_name | last_name |   mobile   
------------+-----------+------------
 hooland    | kin       | 9876543201
(1 row)

dphone_corporation=# select * from customer where customerid=(select customerid form buyingdetails where product_name='iphone 13';
dphone_corporation(# 
dphone_corporation(# ;
dphone_corporation(# 
dphone_corporation(# 
dphone_corporation(# 
dphone_corporation(# select first_name,last_name,mobile from customer where customerid=(select customerid from buyingdetails where purchase_date='2022/09/21');
dphone_corporation(# )
dphone_corporation-# -
dphone_corporation-# \c dphone_corporation;
You are now connected to database "dphone_corporation" as user "postgres".
dphone_corporation-# select * from customer where customerid=(select customerid form buyingdetails where product_name='iphone 13';
dphone_corporation(# \c dphone_corporation;
You are now connected to database "dphone_corporation" as user "postgres".
dphone_corporation(# select * from customer where customerid=(select customerid form buyingdetails where product_name='iphone 13');
dphone_corporation(# \c
You are now connected to database "dphone_corporation" as user "postgres".
dphone_corporation(# =
dphone_corporation(# )=
dphone_corporation-# =
dphone_corporation-# exit
Use \q to quit.
dphone_corporation-# \q
logout

postgres=# \c dphone_corporation;
You are now connected to database "dphone_corporation" as user "postgres".
dphone_corporation=# select * from customer where customerid=(select customerid form buyingdetails where product_name='iphone 13')
dphone_corporation-# select* from customer;
ERROR:  syntax error at or near "buyingdetails"
LINE 1: ...customer where customerid=(select customerid form buyingdeta...
                                                             ^
dphone_corporation=# select * from customer where customerid=(select customerid from buyingdetails where product_name='iphone 13');
 customerid | first_name | last_name |        email        |   mobile   
------------+------------+-----------+---------------------+------------
       1004 | krish      | mani      | krishmani@gmail.com | 9876345687
(1 row)

dphone_corporation=# create view userview as select first_name,last_name,mobile,email from users;
CREATE VIEW
dphone_corporation=# select * from userview order by email asec;
ERROR:  syntax error at or near "asec"
LINE 1: select * from userview order by email asec;
                                              ^
dphone_corporation=# select * from userview order by email asc;
 first_name | last_name |   mobile   |           email           
------------+-----------+------------+---------------------------
 koushiq    | appani    | 7895342978 | appanikoushiq@gmail.com
 jaideep    | dutta     | 9087956738 | jaideepdutta@gmail.com
 krishna    | dheeraj   | 9836748562 | krishnadheeraj@gmail.com
 maruti     | kameshwar | 8186837509 | marutikameshwar@gmail.com
 rohit      | vinta     | 9898765642 | vintarohit@gmail.com
(5 rows)

dphone_corporation=# select * from userview order by mobile dsec;
ERROR:  syntax error at or near "dsec"
LINE 1: select * from userview order by mobile dsec;
                                               ^
dphone_corporation=# select * from userview order by mobile dsc;
ERROR:  syntax error at or near "dsc"
LINE 1: select * from userview order by mobile dsc;
                                               ^
dphone_corporation=# select * from userview order by mobile desc;
 first_name | last_name |   mobile   |           email           
------------+-----------+------------+---------------------------
 rohit      | vinta     | 9898765642 | vintarohit@gmail.com
 krishna    | dheeraj   | 9836748562 | krishnadheeraj@gmail.com
 jaideep    | dutta     | 9087956738 | jaideepdutta@gmail.com
 maruti     | kameshwar | 8186837509 | marutikameshwar@gmail.com
 koushiq    | appani    | 7895342978 | appanikoushiq@gmail.com
(5 rows)

dphone_corporation=# 


